Statistic Measure	Naive Bayes	Random Forest	SVM	KNN
Accuracy	0.9157014349512267	0.9896212351486593	0.9121145222169484	0.16666666666666669
Precision	0.9133991699394809	0.9896492960994184	0.9101535774667451	0.05093980885015368
Recall	0.9071383336700913	0.9904614233046288	0.904014331372835	0.13569570707070705
F-Measure	0.9157014349512267	0.6049490852392351	0.9121145222169484	0.16666666666666669
AUC	0.5935234241763894	0.9904614233046288	0.5783190124871458	0.5235413372859025
